{"n_games": 109, "record": 138, "plot_scores": [0, 0, 0, 0, 0, 0, 0, 0, 0, 0, 0, 0, 2, 0, 0, 0, 0, 0, 0, 3, 0, 0, 0, 0, 15, 12, 0, 0, 0, 4, 0, 0, 0, 2, 0, 0, 0, 0, 0, 0, 0, 0, 2, 3, 0, 0, 5, 0, 0, 0, 6, 0, 0, 0, 0, 6, 2, 9, 13, 0, 0, 0, 0, 0, 0, 0, 3, 0, 3, 9, 0, 0, 0, 3, 0, 0, 2, 9, 0, 0, 2, 3, 3, 0, 0, 2, 24, 0, 0, 9, 3, 3, 0, 0, 9, 6, 0, 0, 0, 0, 0, 21, 138, 9, 114, 0, 6, 24, 3], "plot_mean_scores": [0.0, 0.0, 0.0, 0.0, 0.0, 0.0, 0.0, 0.0, 0.0, 0.0, 0.0, 0.0, 0.15384615384615385, 0.14285714285714285, 0.13333333333333333, 0.125, 0.11764705882352941, 0.1111111111111111, 0.10526315789473684, 0.25, 0.23809523809523808, 0.22727272727272727, 0.21739130434782608, 0.20833333333333334, 0.8, 1.2307692307692308, 1.1851851851851851, 1.1428571428571428, 1.103448275862069, 1.2, 1.1612903225806452, 1.125, 1.0909090909090908, 1.1176470588235294, 1.0857142857142856, 1.0555555555555556, 1.027027027027027, 1.0, 0.9743589743589743, 0.95, 0.926829268292683, 0.9047619047619048, 0.9302325581395349, 0.9772727272727273, 0.9555555555555556, 0.9347826086956522, 1.0212765957446808, 1.0, 0.9795918367346939, 0.96, 1.0588235294117647, 1.0384615384615385, 1.0188679245283019, 1.0, 0.9818181818181818, 1.0714285714285714, 1.087719298245614, 1.2241379310344827, 1.423728813559322, 1.4, 1.3770491803278688, 1.3548387096774193, 1.3333333333333333, 1.3125, 1.2923076923076924, 1.2727272727272727, 1.2985074626865671, 1.2794117647058822, 1.3043478260869565, 1.4142857142857144, 1.3943661971830985, 1.375, 1.356164383561644, 1.3783783783783783, 1.36, 1.3421052631578947, 1.3506493506493507, 1.4487179487179487, 1.4303797468354431, 1.4125, 1.4197530864197532, 1.4390243902439024, 1.4578313253012047, 1.4404761904761905, 1.423529411764706, 1.430232558139535, 1.6896551724137931, 1.6704545454545454, 1.651685393258427, 1.7333333333333334, 1.7472527472527473, 1.7608695652173914, 1.7419354838709677, 1.7234042553191489, 1.8, 1.84375, 1.824742268041237, 1.8061224489795917, 1.7878787878787878, 1.77, 1.7524752475247525, 1.9411764705882353, 3.262135922330097, 3.3173076923076925, 4.371428571428571, 4.330188679245283, 4.345794392523365, 4.527777777777778, 4.513761467889908], "total_score": 492}